"DESCRIPTION","DURATION IN MS","NAME","PARENT SUITE","START TIME","STATUS","STOP TIME","SUB SUITE","SUITE","TEST CLASS","TEST METHOD"
"Проверяет, что сервер вернёт ошибку 500 при невалидном ID ингредиента","284","Попытка создания заказа с невалидным хешем ингредиента","tests","2026-09-13","passed","2026-09-13","TestOrderCreation","test_order_creation","",""
"Проверяет, что авторизованный пользователь может создать заказ с валидными ингредиентами","3965","Создание заказа с авторизацией и ингредиентами","tests","2026-09-13","passed","2026-09-13","TestOrderCreation","test_order_creation","",""
"Проверяет, что авторизованный пользователь может обновить свои имя и email","282","Успешное изменение данных пользователя с авторизацией","tests","2026-09-13","passed","2026-09-13","TestUserUpdate","test_user_update","",""
"Проверяет, что пользователь может войти в систему с корректными учётными данными","357","Успешная авторизация существующего пользователя","tests","2026-09-13","passed","2026-09-13","TestUserLogin","test_user_login","",""
"Проверяет, что можно зарегистрировать нового пользователя с уникальным email","352","Создание уникального пользователя","tests","2026-09-13","passed","2026-09-13","TestUserRegistration","test_user_registration","",""
"Проверяет, что сервер вернёт ошибку 400 при пустом списке ингредиентов","271","Попытка создания заказа без ингредиентов","tests","2026-09-13","passed","2026-09-13","TestOrderCreation","test_order_creation","",""
"Проверяет, что сервер вернёт ошибку 401 при запросе без токена","275","Попытка получения заказов без авторизации","tests","2026-09-13","passed","2026-09-13","TestGetOrders","test_get_orders","",""
"Проверяет, что сервер отклонит запрос без поля name","274","Регистрация без обязательного поля","tests","2026-09-13","passed","2026-09-13","TestUserRegistration","test_user_registration","",""
"Проверяет, что API позволяет создать заказ анонимному пользователю","278","Создание заказа без авторизации (гостевой заказ)","tests","2026-09-13","passed","2026-09-13","TestOrderCreation","test_order_creation","",""
"Проверяет, что сервер вернёт ошибку 401 при неверном email или пароле","277","Попытка авторизации с неверными учётными данными","tests","2026-09-13","passed","2026-09-13","TestUserLogin","test_user_login","",""
"Проверяет, что сервер вернёт ошибку при повторной регистрации","280","Попытка создать уже существующего пользователя","tests","2026-09-13","passed","2026-09-13","TestUserRegistration","test_user_registration","",""
"Проверяет, что авторизованный пользователь может получить список своих заказов","829","Получение заказов авторизованным пользователем","tests","2026-09-13","passed","2026-09-13","TestGetOrders","test_get_orders","",""
"Проверяет, что сервер вернёт ошибку 401 при запросе без токена","271","Попытка изменения данных без авторизации","tests","2026-09-13","passed","2026-09-13","TestUserUpdate","test_user_update","",""
